Product,Market,X_1,X_2,X_3,prices,shares,W,Z
1,1,1.0,0.5798621201341324,1.2200437967121276,0.9285621291505295,0.5839903792012138,-0.15663664392579904,-1.6342867757712058
2,1,1.0,0.4112941179498505,-0.07583161525464888,0.8800825135645155,0.0637277825773181,-0.9569227665007846,0.39705671181023267
3,1,1.0,0.9721360824554687,1.724189934074888,1.1624368533274902,0.3290993139604603,-0.6678023979997704,-1.6089915151812573
1,2,1.0,0.014908849285099945,0.15270835472868177,3.5918566459507115,0.023811616098379403,-0.15663664392579904,1.5182271056672276
2,2,1.0,0.520354993723718,-1.588029026578847,0.8066085355377585,0.1379529945934329,-0.9569227665007846,-0.2675491413618011
3,2,1.0,0.6395615996802734,-0.9635563264853475,1.9892286800147323,0.6807447822131621,-0.6678023979997704,-0.7057126244402127
1,3,1.0,0.8396219340580711,-0.9518556153249554,2.1738096022711906,0.15100503998580048,-0.15663664392579904,0.056403363329536875
2,3,1.0,0.967142768915383,0.5743045395748695,1.7920261488198663,0.15826005408787838,-0.9569227665007846,-0.22638166081809055
3,3,1.0,0.7897644095351307,-0.7885513165549604,1.626030709232705,0.4968951537982918,-0.6678023979997704,-0.04642736579389173
1,4,1.0,0.6960406981439002,-0.6466628631577295,2.886797066397645,0.005450555686684153,-0.15663664392579904,1.0289384716290966
2,4,1.0,0.5667043025437501,0.8353970265154957,1.4502043750901656,0.5039817595855589,-0.9569227665007846,-0.5393781201916029
3,4,1.0,0.5363685687293304,1.7449093012888086,0.9395299548374848,0.4188513369060047,-0.6678023979997704,0.8570267703087256
1,5,1.0,0.7113892493371533,2.1751023984664766,3.0107738014639693,0.4694640336626769,-0.15663664392579904,0.20797045070835357
2,5,1.0,0.1039294604697858,1.799916602184188,1.4699312484561498,0.3321778813122028,-0.9569227665007846,1.2545044103181815
3,5,1.0,0.806704115694322,0.32074771862886275,2.4120550727933923,0.0373523294617094,-0.6678023979997704,0.54990700091083
1,6,1.0,0.8705393388965176,1.2511999784792234,4.155555528590742,0.16498655631832823,-0.15663664392579904,0.47764285550532914
2,6,1.0,0.9627145232215633,-1.0597526853843235,2.0867208717481125,0.03923076726322227,-0.9569227665007846,-0.8337210416581263
3,6,1.0,0.15118014494810728,1.0393497835061019,1.2984215131464858,0.6419916055797403,-0.6678023979997704,-1.384653107798586
1,7,1.0,0.7153546713317517,-0.42959731673945184,2.7191276987119473,0.0773132383336844,-0.15663664392579904,-1.5418318390292212
2,7,1.0,0.9395476419202511,0.45880117130099846,3.398523085923574,0.033211553514097755,-0.9569227665007846,1.3577569468814632
3,7,1.0,0.5263436792092471,1.4802205240833979,1.7810624559847774,0.6894408615679712,-0.6678023979997704,-1.2619165976222482
1,8,1.0,0.07796832278241894,0.8885186456548995,3.409375246908831,0.03519827059663405,-0.15663664392579904,1.2494921954785836
2,8,1.0,0.9661966846171819,0.9453683206900318,1.6132687497050302,0.31543445008827287,-0.9569227665007846,0.2606654250536276
3,8,1.0,0.6665578560615069,0.5570905334122376,2.1310038718630637,0.43244526268836536,-0.6678023979997704,0.15721389873690356
1,9,1.0,0.33385905430793017,0.7039730476769106,1.5746822378823306,0.2753190319893095,-0.15663664392579904,-0.05471865321228865
2,9,1.0,0.8021987716647205,-0.8117396733630982,0.7373567675063746,0.45843134272133385,-0.9569227665007846,-2.5731251737411442
3,9,1.0,0.15645840849748271,0.3020970082716706,1.0002176870569577,0.21720278820159356,-0.6678023979997704,-0.33968982617684157
1,10,1.0,0.3807992099077905,0.7943740529519855,1.3861897809499506,0.30239845936725523,-0.15663664392579904,-1.1107910803021974
2,10,1.0,0.06875911697436776,0.8602670520468428,2.2194581446187436,0.2846251906066342,-0.9569227665007846,0.25225762327689016
3,10,1.0,0.8617248852475133,-0.6674804668762441,1.630726106481789,0.2546259749637782,-0.6678023979997704,-0.9907186970734063
1,11,1.0,0.00543655955195288,1.168425352740703,1.1343983615632163,0.22937839965480425,-0.15663664392579904,-0.6767415030829645
2,11,1.0,0.6984777190448724,-0.004206469198755919,3.879513732339774,0.0027620844401782195,-0.9569227665007846,1.7748601898742218
3,11,1.0,0.3492308989506544,0.2963407990232103,1.346610945479517,0.6819425272460389,-0.6678023979997704,-2.309517071467474
1,12,1.0,0.9109702293941395,0.8058526184723527,3.7871716146842647,0.003163561776625432,-0.15663664392579904,0.6293762352147446
2,12,1.0,0.9736533335143757,-0.09514876607776403,1.5708013121342281,0.7070333535451818,-0.9569227665007846,-0.9397343255185792
3,12,1.0,0.7606595293677095,0.7332050543691819,2.2240556579389423,0.18159177609498278,-0.6678023979997704,1.3042547443584698
1,13,1.0,0.4889116091598197,1.0008454162742852,4.060374922600781,0.39583285057552964,-0.15663664392579904,0.9992559124194034
2,13,1.0,0.36264257055837246,0.11808763612684553,3.856487754949609,0.01450797796204612,-0.9569227665007846,1.2525720287964974
3,13,1.0,0.7087378217590448,-0.6692081956254178,3.127089255488632,0.15118555973674683,-0.6678023979997704,-0.19763803544486028
1,14,1.0,0.6566936421651552,-1.8716115327144618,2.044534507503441,0.011473199662363699,-0.15663664392579904,-0.8590380223013417
2,14,1.0,0.1738629177690535,-0.9368908871751017,0.6212906714948301,0.26724673217680495,-0.9569227665007846,1.2151197153389321
3,14,1.0,0.6973601779506733,-0.7173144421603127,1.2213390422961354,0.6421046023785701,-0.6678023979997704,0.5146088369412535
1,15,1.0,0.19172328131691596,1.8810882203584527,4.267904181329411,0.23109759406163077,-0.15663664392579904,0.8306555881799139
2,15,1.0,0.10051452541181105,0.025457851228090297,4.62581947915813,0.04249605675544566,-0.9569227665007846,2.09373171848624
3,15,1.0,0.4213882946411107,-0.6968914346893788,1.8655789680191477,0.3262298908336,-0.6678023979997704,0.3056720137422915
1,16,1.0,0.8159260441267123,-1.572605139489211,2.6637975775135923,0.011970817767161586,-0.15663664392579904,-0.8842975131501571
2,16,1.0,0.9439639524152046,2.0059228924383827,3.8869942796954904,0.04800033630641219,-0.9569227665007846,1.4469193897532622
3,16,1.0,0.7392551298618548,1.6538561020114504,3.911331763472322,0.5212671807377932,-0.6678023979997704,1.0151075699137273
1,17,1.0,0.01775088258636426,0.4161143512699888,2.6949285556573486,0.23670682453316297,-0.15663664392579904,-0.5258271215486828
2,17,1.0,0.7749752377279369,0.35772886537869664,4.050519581197126,0.06609548388762831,-0.9569227665007846,1.6951915980869865
3,17,1.0,0.2164667906754636,-0.5661088672445939,1.7730136226978348,0.2701441707936118,-0.6678023979997704,0.6616222742774162
1,18,1.0,0.5141192705884623,0.7776577745867197,1.7457821204459625,0.18207073874904564,-0.15663664392579904,-0.19593984690370667
2,18,1.0,0.6524645128338589,2.9620203766588014,2.1035353617317147,0.5596892137332495,-0.9569227665007846,-0.5331809908035877
3,18,1.0,0.895855015412153,-0.8291152500371494,0.6572825729552807,0.20536119857851437,-0.6678023979997704,-0.5138689719060531
1,19,1.0,0.6883441698071557,-0.6365687810422291,2.8216117060134467,0.12033991446959867,-0.15663664392579904,0.5061276315373141
2,19,1.0,0.6615609860686217,-0.8196796137020412,2.8848177459795448,0.06961166677531704,-0.9569227665007846,0.9127796542103418
3,19,1.0,0.7521554885800842,0.48076349099979016,2.40885135099366,0.4758311072864403,-0.6678023979997704,0.22636634477764228
1,20,1.0,0.869142175000603,-1.301760952534529,1.2598427545504496,0.12863705632251002,-0.15663664392579904,-0.9540719642192449
2,20,1.0,0.6790212264583442,0.1973996171318971,1.4198655540051461,0.6575151908509899,-0.9569227665007846,-2.6197008685693794
3,20,1.0,0.999182815821658,-0.5786203570614755,3.541908372361851,0.02390924816748181,-0.6678023979997704,0.38425463051287606
1,21,1.0,0.12638603119018332,1.237766451553191,3.966566074747819,0.019293958925814564,-0.15663664392579904,1.3125373565797613
2,21,1.0,0.9652431536048383,-0.3826468461999802,1.8123890576342339,0.6827361710406139,-0.9569227665007846,-0.8390586637517834
3,21,1.0,0.5158184537185961,-1.371963110547583,1.8126968140161892,0.02865163183100113,-0.6678023979997704,0.7695831384455349
1,22,1.0,0.4884763326690248,0.9264244652230679,1.5806665382117375,0.177244470194737,-0.15663664392579904,0.9846327645742673
2,22,1.0,0.5278366879491729,-0.043913040217038735,0.5589949869615396,0.3005369880730366,-0.9569227665007846,-2.470916044636664
3,22,1.0,0.9171366679326408,0.7993774075227738,0.7666120792544864,0.5018596233314079,-0.6678023979997704,-1.1700649646720622
1,23,1.0,0.7069514237786427,-0.4501012694362115,3.4988213684641045,0.017636178299240607,-0.15663664392579904,-0.21607353698588064
2,23,1.0,0.7532028014598021,1.2074457707861184,2.6938421039455207,0.6822583226552025,-0.9569227665007846,-0.39615466492850526
3,23,1.0,0.5736450550135814,0.7243891916562045,4.03811466095263,0.0029124821937533585,-0.6678023979997704,0.7681932174645505
1,24,1.0,0.7318724667857185,0.3907953720636283,3.6373955037814207,0.011621236356068402,-0.15663664392579904,1.215583781081843
2,24,1.0,0.8290760489325268,0.6188838022449789,1.6112199676691907,0.7055355031849018,-0.9569227665007846,-0.772667727992788
3,24,1.0,0.8926464333610865,-1.0270391061366748,1.507242183710221,0.163448352955568,-0.6678023979997704,0.6756474195410119
1,25,1.0,0.8064708462066268,-0.5828267753174389,1.839568522911359,0.4260141437522801,-0.15663664392579904,0.2758786759734332
2,25,1.0,0.011624997250250124,-0.06814107421594265,1.25227508873548,0.44016378226436054,-0.9569227665007846,-0.8412482882446123
3,25,1.0,0.24967636130871063,-0.9250567049017008,4.970008707954959,0.000415709953415342,-0.6678023979997704,2.247702620255056
1,26,1.0,0.13968668286239572,-0.16597867256580884,3.2286680590782884,0.034369084155633556,-0.15663664392579904,-0.105739259276599
2,26,1.0,0.1809976599934553,0.1639753650185817,3.780726485867466,0.12314516114810048,-0.9569227665007846,0.6148784745047398
3,26,1.0,0.8135121803543366,-2.5092379625918584,1.5470676437874642,0.46382717846086746,-0.6678023979997704,-0.7635921395816841
1,27,1.0,0.9949346010070036,-0.2963263695170998,1.7482975230564506,0.6386356498822553,-0.15663664392579904,-0.15383083420384874
2,27,1.0,0.7791602103723527,0.15182206032407736,1.4373051400610306,0.18835642908933845,-0.9569227665007846,-0.7955289806892898
3,27,1.0,0.5876878779733443,0.6823075020059911,2.3832138960721454,0.04227878520887882,-0.6678023979997704,0.05042614538901545
1,28,1.0,0.38136299883493363,-0.617040406563446,2.4830436735632406,0.2961118090427829,-0.15663664392579904,0.204266173456187
2,28,1.0,0.4256195236511211,-0.31147715719015046,1.5028246256144386,0.19882601681118492,-0.9569227665007846,-0.29770486738368296
3,28,1.0,0.6610964363681446,0.5121386253387673,2.9529345639964015,0.20621812194604058,-0.6678023979997704,2.0005731011022396
1,29,1.0,0.19573696453541478,0.6586509116697751,1.5687386489350978,0.184029579413185,-0.15663664392579904,-0.8961166633473575
2,29,1.0,0.8113243037087731,0.7413401361728877,1.550832552629085,0.17328422893738574,-0.9569227665007846,-0.3598462428719643
3,29,1.0,0.59496512598858,0.3511226841619277,0.9515875123689107,0.5605675958622507,-0.6678023979997704,-2.566320232863774
1,30,1.0,0.27099513666919894,-0.09655005076635313,1.795592040295909,0.21712722728730957,-0.15663664392579904,0.11980954907900003
2,30,1.0,0.5668782844351052,1.3579240638655163,2.7307847635699463,0.0750792165875338,-0.9569227665007846,0.4192187792832719
3,30,1.0,0.6079047725309779,1.055599880140393,2.572789084798402,0.5035306464205492,-0.6678023979997704,-0.06428641333538478
1,31,1.0,0.8503021314625745,0.958863810699573,1.4458531823293046,0.6749413853195907,-0.15663664392579904,-0.8820044641770461
2,31,1.0,0.12484723972443657,-0.4787115431673847,1.1710203570017983,0.22977063351328367,-0.9569227665007846,-0.0670726650164255
3,31,1.0,0.9936087862525832,-0.5175215665259575,2.921390495121833,0.005929525970453684,-0.6678023979997704,0.5405526318632763
1,32,1.0,0.06865712560757509,1.465443200446175,2.0918356282987385,0.008268072738985442,-0.15663664392579904,-0.3611880745098331
2,32,1.0,0.9533615098667984,0.09800092159938628,1.5936290542969749,0.6598401646763931,-0.9569227665007846,-1.1330655884755116
3,32,1.0,0.4843366534835689,-1.198795303501991,0.6467440694403451,0.28264872481799147,-0.6678023979997704,-1.0276098752445963
1,33,1.0,0.15093325646822953,-1.5764092816929725,2.8168847492387306,0.010974806966763256,-0.15663664392579904,0.5172530033762156
2,33,1.0,0.9715879807451971,-0.5994415827393847,1.5945380250197632,0.5383305807686906,-0.9569227665007846,-0.1405844766029066
3,33,1.0,0.29429029803471696,0.11114885694355506,2.396233565764803,0.1616727082408992,-0.6678023979997704,-0.39964899719140734
1,34,1.0,0.93113963608846,0.8992861398968012,2.1712710172787215,0.2279064481195893,-0.15663664392579904,0.11896714108620514
2,34,1.0,0.19190276076578838,0.665154560057591,2.0165934898962545,0.1734172774664067,-0.9569227665007846,-0.1356328927333191
3,34,1.0,0.014360940827090274,-0.7202334254741332,0.9262460315025898,0.5280980275687944,-0.6678023979997704,-2.136255658847058
1,35,1.0,0.4067222703521549,-0.3982309838566264,3.2059113474702583,0.11540227329030932,-0.15663664392579904,0.2631379231683913
2,35,1.0,0.05957410493079207,-0.7792754176729908,2.4578269338460137,0.3078436893614623,-0.9569227665007846,0.7757751134905896
3,35,1.0,0.9439941200276831,-1.8588956640885341,2.9391584920321083,0.05574383709807987,-0.6678023979997704,1.2165323057237265
1,36,1.0,0.5650886851080145,0.9407288171838872,3.380594278326246,0.009747915096415118,-0.15663664392579904,-0.3924864743787726
2,36,1.0,0.663263330703819,-0.18986461906341146,1.6149152508561175,0.7068635196361198,-0.9569227665007846,0.00815385439716741
3,36,1.0,0.9718015268282768,-0.3667774631352174,2.429794153200578,0.16432556191116354,-0.6678023979997704,1.0724740771130634
1,37,1.0,0.1425531608580819,1.5127050315116308,3.1380568639851116,0.5615798021537439,-0.15663664392579904,1.2008350827057244
2,37,1.0,0.8366323864127182,0.7717120394293671,5.330359679342582,0.026260569517508346,-0.9569227665007846,1.3526488103056775
3,37,1.0,0.020092995741332498,1.087871348049845,4.333507735444638,0.007941245388012377,-0.6678023979997704,1.4312733971384102
1,38,1.0,0.3027776790015291,0.3103063905131243,1.5626440277969467,0.2677992752167701,-0.15663664392579904,-0.2726767454657399
2,38,1.0,0.9074376851601714,0.5079859682752319,1.479453247794431,0.33873599640944607,-0.9569227665007846,-0.7562210570236868
3,38,1.0,0.24460201039933227,0.7468340064152057,1.4381606175842765,0.2005996345277557,-0.6678023979997704,-0.6089675550904976
1,39,1.0,0.16400968655924253,-1.213431387541324,1.1990466205122565,0.01814559083943764,-0.15663664392579904,-0.772688205694762
2,39,1.0,0.21823105048068103,1.3805068571500219,2.1460600623243495,0.6820919362693543,-0.9569227665007846,-1.5310226089690961
3,39,1.0,0.036715199914565844,-2.1583878910645438,0.6579603525875781,0.2274399145275216,-0.6678023979997704,-1.2210705213115418
1,40,1.0,0.37859386261719685,0.6170172424120437,2.1063945095382772,0.4721949184562399,-0.15663664392579904,0.2950567330015683
2,40,1.0,0.6841534922068815,-1.6220132171854555,1.3531224305479452,0.2578769861449136,-0.9569227665007846,0.9534152950643244
3,40,1.0,0.7498574555440073,-0.9025123502968809,1.9378894104571018,0.0745183930452955,-0.6678023979997704,0.16993106518509885
1,41,1.0,0.9678656425986948,-0.8674624211552748,1.0562249120769214,0.5131096012740798,-0.15663664392579904,0.3817762776217089
2,41,1.0,0.48341121883058047,-0.34414134998449,0.6315966375411839,0.37902988106581864,-0.9569227665007846,-1.2508231263303198
3,41,1.0,0.2657361887085675,-0.6223260615216857,2.028116457383753,0.026244955974431855,-0.6678023979997704,-0.07044703935037216
1,42,1.0,0.2973174286489073,1.1319059471331843,5.816741485931814,0.051200935837417486,-0.15663664392579904,2.022427379196586
2,42,1.0,0.6134040936337106,-1.232362981567815,2.2693207154257404,0.33399046933208765,-0.9569227665007846,-0.262867549262597
3,42,1.0,0.7436842497229341,-0.7789724389154797,2.272673123432167,0.22838079955391208,-0.6678023979997704,-1.1787857535231743
1,43,1.0,0.3633720950543772,0.8520313527819758,1.9916745857524614,0.23929541608854296,-0.15663664392579904,-0.14120875813568684
2,43,1.0,0.9241581027560226,2.4483019085614446,1.5812739911314262,0.6643328637617515,-0.9569227665007846,0.10627711721891286
3,43,1.0,0.5572471657666028,0.1626603650859306,3.2156627679021037,0.008477011878052313,-0.6678023979997704,1.6298765941237192
1,44,1.0,0.11680650989884822,0.5292131332976459,2.256877939097913,0.02556445843976697,-0.15663664392579904,-0.2520233982974892
2,44,1.0,0.8099944735856114,0.4003683361218216,1.7849732520941282,0.23164435004116968,-0.9569227665007846,-0.8763817899687255
3,44,1.0,0.6682192587226179,-0.11611613648742924,2.1792082130308597,0.5131422041089954,-0.6678023979997704,0.15620572083807976
1,45,1.0,0.4429992179156649,1.8778485770454247,1.455749249341569,0.6734773778019845,-0.15663664392579904,-0.5809799759959681
2,45,1.0,0.06643689778476303,-0.07324033085200088,1.327780550169792,0.07460853803092923,-0.9569227665007846,-0.2461500784565124
3,45,1.0,0.9909718879312035,0.14067727009498573,0.985299115850432,0.16677289723950592,-0.6678023979997704,0.18020410092389674
1,46,1.0,0.5791164827711184,-1.3751901514032894,1.935736231101838,0.19719587865015017,-0.15663664392579904,0.000994997606414356
2,46,1.0,0.738424196141463,-1.0376792989424355,2.5432680121290403,0.05072495375958149,-0.9569227665007846,0.647002209109599
3,46,1.0,0.4238575020180311,0.8868266041925024,3.1442622889250917,0.42767966677758684,-0.6678023979997704,1.092395719134345
1,47,1.0,0.890319929220346,-0.4896507333408712,0.8640871448253065,0.36587006220538254,-0.15663664392579904,-0.9605525482050294
2,47,1.0,0.7523506191202959,-0.1922071804753436,2.596626047148539,0.01619045418434363,-0.9569227665007846,1.532312328317153
3,47,1.0,0.72275491540211,-0.10715365467705575,0.8614870651964031,0.5557795136678437,-0.6678023979997704,-1.0578542635870474
1,48,1.0,0.1512032930754308,-1.3127727244588399,2.8300124700078837,0.012065339794591129,-0.15663664392579904,0.5460027932819518
2,48,1.0,0.49001889786708164,-1.4638608167038474,1.3381178396937639,0.05857296317660916,-0.9569227665007846,-1.2426455083911658
3,48,1.0,0.7081839297455507,1.2543341275152118,2.4508629809488034,0.707046494476852,-0.6678023979997704,-1.8996995671224322
1,49,1.0,0.1993131552201085,-0.6452865980410762,2.41817804065872,0.08085032520748099,-0.15663664392579904,-0.18533853967412142
2,49,1.0,0.09855346283814947,-1.0765141688676263,1.5475583476102843,0.5135814619870911,-0.9569227665007846,-0.11836904738217528
3,49,1.0,0.13155370236689057,-0.17561361532395778,2.1651203507228125,0.06305768162245927,-0.6678023979997704,-0.21231347579518037
1,50,1.0,0.2288646637802655,-1.2632386633806179,2.077312851862173,0.23153874724532875,-0.15663664392579904,-0.988706326454035
2,50,1.0,0.8933532193220391,-1.3926547365279764,1.3852090046310903,0.3485143557017046,-0.9569227665007846,0.24118840675970582
3,50,1.0,0.9508949555430576,-1.567567055431789,0.6097230230747561,0.32267735422884847,-0.6678023979997704,-1.4515369874519142
1,51,1.0,0.5944612114183615,0.9103389503690109,4.530391624432275,0.020803593728121347,-0.15663664392579904,1.2421804877501719
2,51,1.0,0.6802131609908925,1.3875115262372366,2.873240410909048,0.4398273681473324,-0.9569227665007846,0.09398750934060278
3,51,1.0,0.3167887527772406,-0.7812764621455337,3.383367548339587,0.03295751484454336,-0.6678023979997704,1.0731280466299284
1,52,1.0,0.30693581817543203,0.5015578089537274,2.768262504488087,0.07318010464656756,-0.15663664392579904,-0.7225725006586621
2,52,1.0,0.0481546461648783,2.1020477425521666,1.7367020330240726,0.5348628542287218,-0.9569227665007846,-0.11815374747533239
3,52,1.0,0.6213071585607246,-0.7697279065010164,0.5105174778024824,0.19337107585988378,-0.6678023979997704,-1.2069372764539188
1,53,1.0,0.5867264525577303,0.7104708798772614,1.8026903856290857,0.10983358867148099,-0.15663664392579904,0.4740472100785413
2,53,1.0,0.7258277469636208,-0.8744794481579999,1.0666252420831994,0.616989473161163,-0.9569227665007846,-0.4395387325493824
3,53,1.0,0.19700188048935263,-0.09629682045954936,2.0840205097925457,0.1671905562252281,-0.6678023979997704,0.030131716112697528
1,54,1.0,0.91171300646379,-0.48814172855262394,1.2050103161900687,0.6482861323433317,-0.15663664392579904,-1.1294557083642112
2,54,1.0,0.5156738207678605,-0.9270134970698909,4.050644127537627,0.0007466260304358892,-0.9569227665007846,2.0456149357711753
3,54,1.0,0.08424924254464583,1.3861677761743247,1.562047602881903,0.26503902544059627,-0.6678023979997704,-0.667461859724119
1,55,1.0,0.880052468639929,-0.08515228947185427,1.0832311383946926,0.35693338702953376,-0.15663664392579904,-0.5149671045981831
2,55,1.0,0.5018418648136516,1.009651233899752,1.398480634797286,0.5541301223014505,-0.9569227665007846,-1.2781656947745128
3,55,1.0,0.09792767295932903,0.2697173635286952,2.9982213318365845,0.006849030698809291,-0.6678023979997704,0.20975080602722707
1,56,1.0,0.6426881727623799,0.12849314729218916,5.012407470042902,0.0036006795952651825,-0.15663664392579904,0.7791003445167884
2,56,1.0,0.8804024042276516,0.6336190624000886,3.0208187240363182,0.3841456634000513,-0.9569227665007846,1.378088868964073
3,56,1.0,0.20408587520975463,0.009926515700991881,1.4735365297210452,0.30705417131508966,-0.6678023979997704,-0.7815846671772028
1,57,1.0,0.053139767514099545,-1.5080332212586478,2.487786902665322,0.07287254705238017,-0.15663664392579904,-1.0682447301092448
2,57,1.0,0.170986350397748,0.8059033682598673,2.4812923852084356,0.08198263852233639,-0.9569227665007846,1.7492736846724555
3,57,1.0,0.8918017848208544,-1.5473001280339471,1.3750605809833782,0.608688813682294,-0.6678023979997704,-1.9986287443594501
1,58,1.0,0.15209885448289118,-1.0537666991403059,3.122047225700092,0.01196583753499036,-0.15663664392579904,1.099262846514866
2,58,1.0,0.7897672376901229,-1.3866006296754998,2.492485588452869,0.04923614475023866,-0.9569227665007846,0.7013767205763816
3,58,1.0,0.18251761571761382,0.7110781467836714,3.2848214870456536,0.4641754182977438,-0.6678023979997704,0.5421005922445394
1,59,1.0,0.2890247402566656,0.3315164987988193,3.6454363256295474,0.05251515008699657,-0.15663664392579904,-0.4489404930318813
2,59,1.0,0.6166784411849022,0.9000606694373617,3.249059290964933,0.1504324401215682,-0.9569227665007846,0.7098738033491515
3,59,1.0,0.4937530133157475,-1.7540596069377565,1.0666545511169294,0.5145711810770086,-0.6678023979997704,-0.8099577960054509
1,60,1.0,0.01901072631693468,-0.35553791278666924,0.7925039319208189,0.5065211700403621,-0.15663664392579904,-0.19035271245671512
2,60,1.0,0.5310721649079573,-0.8109983111186944,0.6652111744368484,0.42095810828597385,-0.9569227665007846,-1.0948976924809528
3,60,1.0,0.8762272636382485,-0.15799639901728904,2.2633192817328682,0.0316976423689377,-0.6678023979997704,0.5238256231712932
1,61,1.0,0.29514821959055726,-0.8056476724318035,2.528467077909433,0.013198173663570243,-0.15663664392579904,-1.1156078274921386
2,61,1.0,0.5002578525145649,-0.052466143031159686,3.367260040314456,0.05399216235924507,-0.9569227665007846,1.732719331026308
3,61,1.0,0.8192987039405281,0.318711799920348,1.7727882288539316,0.6928590493730927,-0.6678023979997704,-0.4298883058557949
1,62,1.0,0.7542075584632186,-1.451080675094565,1.9941862953641638,0.26668713984411185,-0.15663664392579904,0.2566441671451854
2,62,1.0,0.5594113564531205,-1.7987892153465428,2.2628726084949955,0.050636164686409336,-0.9569227665007846,0.42906396808619107
3,62,1.0,0.2879671369272304,-0.586788938658319,0.8814857246464268,0.4743956359154894,-0.6678023979997704,-1.3656539110792012
1,63,1.0,0.7122776614895322,-0.2514884764139864,4.183815121142705,0.00274862594549705,-0.15663664392579904,1.2186744510701335
2,63,1.0,0.9138456284414032,-0.1389175964535508,1.628942293752194,0.20417885424370916,-0.9569227665007846,0.710082880173546
3,63,1.0,0.24424184158606888,0.8851151812273893,1.4379008471468824,0.6115925657788461,-0.6678023979997704,-0.313350308098906
1,64,1.0,0.08267157926337998,1.1112863942282154,2.4564794877099665,0.12894184991947813,-0.15663664392579904,-0.8176049641466334
2,64,1.0,0.022868810371664106,0.4175079590977813,1.6750496631579697,0.7007708575794984,-0.9569227665007846,-0.6521645498554786
3,64,1.0,0.5336712843193668,-0.6076625573227157,3.1479933728191245,0.0011536253656917218,-0.6678023979997704,1.314046266459322
1,65,1.0,0.12144992565875823,0.6246352860913285,1.0124447839893007,0.2457641505184817,-0.15663664392579904,-0.09151762470957221
2,65,1.0,0.7826318385403599,-1.39083893594353,1.1419724410240875,0.19818778750317936,-0.9569227665007846,-0.10969741745255791
3,65,1.0,0.2908298006937071,-0.7185234843167226,1.3542857383570792,0.3865601719956553,-0.6678023979997704,-0.9126346896556596
1,66,1.0,0.6854627809778873,0.4679783725005032,3.6348917220585024,0.003922506386511235,-0.15663664392579904,-0.2091134841472989
2,66,1.0,0.5548783593348602,-0.2737234643287736,2.6595660120588853,0.2678295242735118,-0.9569227665007846,0.33035951452376316
3,66,1.0,0.9969929253276234,-1.276393106130406,1.2656212970205332,0.4850930429761888,-0.6678023979997704,0.13688040157405815
1,67,1.0,0.0916463943957766,0.43864648849747845,4.40161622350148,0.1840431782361796,-0.15663664392579904,0.8085377281435183
2,67,1.0,0.33352675149190947,-0.2522240793972678,1.4544837929730154,0.425867365576403,-0.9569227665007846,-0.20741493911831355
3,67,1.0,0.2851261842997014,-0.4457665151877076,2.6171907246858575,0.045316800216990444,-0.6678023979997704,1.3120104610052155
1,68,1.0,0.5622450200689146,0.5201367415342476,0.9422302828443485,0.5681910043370973,-0.15663664392579904,-1.159764691297745
2,68,1.0,0.5119227208670736,0.05235363464367706,0.6158668318212692,0.3718567144296044,-0.9569227665007846,-2.489991980971378
3,68,1.0,0.8857938388489002,0.775892538578988,2.563853399197467,0.017223461832265353,-0.6678023979997704,0.4116006376883448
1,69,1.0,0.9488834855608888,0.11718326279175853,0.8037461012475287,0.5343207158341241,-0.15663664392579904,-0.8852174548762093
2,69,1.0,0.2269137948920089,0.3063594066092809,1.333580684066446,0.2891392243750193,-0.9569227665007846,0.015074675478108228
3,69,1.0,0.5288004288726789,-1.5688402856621853,0.980684774107079,0.09418181236701052,-0.6678023979997704,0.2312697175061338
1,70,1.0,0.5324451745210113,0.9973655318968371,1.3374239837702984,0.6081295951645402,-0.15663664392579904,-1.0008046818741874
2,70,1.0,0.25105417365797034,-2.452983424841845,0.4660611185354171,0.15719400123962496,-0.9569227665007846,-1.2151553810926412
3,70,1.0,0.6537800633630214,-1.0155889101765765,1.0910771243770596,0.062294529896710936,-0.6678023979997704,0.9705263592308849
1,71,1.0,0.153915731884136,-1.3801216128765699,1.0339017570078703,0.6009734193474331,-0.15663664392579904,-2.7365424168674033
2,71,1.0,0.1383220567860346,-0.33371498125620913,2.397557564902062,0.18532843993172707,-0.9569227665007846,0.17330292690412952
3,71,1.0,0.761380897017329,-0.8631113585229164,3.314993795377302,0.012779827273585495,-0.6678023979997704,1.2106425407352654
1,72,1.0,0.9825212412211967,-1.2791047120641856,0.975609675836195,0.5777282760808636,-0.15663664392579904,-2.547446613388148
2,72,1.0,0.3892365219643674,-2.317098923537346,2.9868907671674876,0.015528280984527935,-0.9569227665007846,1.237159133870795
3,72,1.0,0.3014590961684377,-0.45570143691561155,0.7079252014955291,0.28790906311662984,-0.6678023979997704,-1.4544723757772726
1,73,1.0,0.2477818082489298,0.7953297291446022,3.8657215723175047,0.020923246970248454,-0.15663664392579904,1.3375399657920293
2,73,1.0,0.9100788139404231,-0.08280445434268613,2.5904588065250533,0.5190750674311704,-0.9569227665007846,-0.18722114793206368
3,73,1.0,0.14263326750310346,-0.30066602840915324,1.0770433544869213,0.16864130495449375,-0.6678023979997704,-0.24440283252830844
1,74,1.0,0.7460805715347635,0.4872883194276257,1.9942082747468641,0.27424929346342986,-0.15663664392579904,0.3659875537434584
2,74,1.0,0.4811358889319731,-2.1913156702512295,3.6903138307079626,0.0007292918860849552,-0.9569227665007846,0.4659240507681155
3,74,1.0,0.35561354533398726,-1.1767751513865805,1.6709303430049207,0.44639824350665613,-0.6678023979997704,0.9436334648259925
1,75,1.0,0.34530753223905075,-0.8262408715416405,1.6751675701943942,0.07708226741765652,-0.15663664392579904,-0.9027858909304435
2,75,1.0,0.3030943073746687,0.12811709837307123,1.6344185502281106,0.7067380965970146,-0.9569227665007846,-0.5081178391014787
3,75,1.0,0.6542302989550535,-0.12328066798677914,1.4239127367936848,0.09058037452954351,-0.6678023979997704,1.009811862824558
1,76,1.0,0.3579361755083005,1.612674499167015,2.942114177628313,0.5571702843059336,-0.15663664392579904,-1.438450007241956
2,76,1.0,0.33141109666716584,-0.5146769483294317,1.4460544362562555,0.09823868806700652,-0.9569227665007846,1.4559243804023747
3,76,1.0,0.518346100779527,0.03937075098429495,2.629140505950347,0.06045810234517578,-0.6678023979997704,-0.1983942572436961
1,77,1.0,0.11769014370919395,-1.5953918540717364,0.7798221618430764,0.4782328870220881,-0.15663664392579904,-2.1785418006917774
2,77,1.0,0.24295491246817247,0.2884328650746936,1.2118335289756075,0.36695273541728385,-0.9569227665007846,-0.2777172971431341
3,77,1.0,0.030334291298543703,-0.06274593148156069,2.520498938860155,0.08572689560513844,-0.6678023979997704,0.2869115449750649
1,78,1.0,0.5461583179365882,-0.4432222544179588,2.1329255621290253,0.14824950784957025,-0.15663664392579904,0.340487147734186
2,78,1.0,0.8346096375115517,1.4023684926116813,4.162773256157695,0.02757354311757975,-0.9569227665007846,2.020473008842155
3,78,1.0,0.9373411988776638,-0.7616208147120456,1.1739348341708888,0.5714070395373032,-0.6678023979997704,-1.2767431379213734
1,79,1.0,0.7178154819073072,0.3765817144053028,3.4571296017738318,0.3368308039094595,-0.15663664392579904,0.08655950885896739
2,79,1.0,0.3645875007799313,1.1332311071610015,4.000948749065794,0.07956195056235361,-0.9569227665007846,0.2687935468605408
3,79,1.0,0.43101020164099657,-0.38566864944011087,2.926818920402215,0.12414073278651765,-0.6678023979997704,-0.33736790937100725
1,80,1.0,0.5332838871267326,1.0086430727786166,2.290426962184944,0.4266952856783071,-0.15663664392579904,-0.1365213400117291
2,80,1.0,0.9125959099082432,0.44398284947483135,1.1758068079972575,0.3630401006821566,-0.9569227665007846,0.13739573030789728
3,80,1.0,0.7661145040927044,0.3914846227431979,3.198451273666154,0.01120205200849014,-0.6678023979997704,0.7147190964776432
1,81,1.0,0.5296447144597118,1.2133477321979549,1.87200515916757,0.44007942420901347,-0.15663664392579904,-1.1464264762050962
2,81,1.0,0.4173340581322217,0.49106575009412984,3.124713746789915,0.04161477333314862,-0.9569227665007846,-0.9832645984952644
3,81,1.0,0.26451779644120865,0.14882160061350103,1.3501337835678098,0.37480056891945496,-0.6678023979997704,0.6048204844230245
1,82,1.0,0.412101637790362,1.3012317001065257,2.6892925229353892,0.1179257615938766,-0.15663664392579904,0.1776595791517079
2,82,1.0,0.4116098385821876,0.30857440063923663,2.8368619792894707,0.34677884244518253,-0.9569227665007846,-0.5160548365544937
3,82,1.0,0.3206223286572113,-0.2859975799477802,2.6417358891352363,0.12719702960401733,-0.6678023979997704,1.2881151344855917
1,83,1.0,0.35893897997352675,0.3665552699742468,4.646371482121404,0.05863904632230145,-0.15663664392579904,0.20373261323502764
2,83,1.0,0.6300662760531182,-0.3718863692682487,3.7569611645020555,0.019379521387594478,-0.9569227665007846,1.1839768403943383
3,83,1.0,0.01319225999256246,-0.3077577857623751,1.3472959104093256,0.6276489725933011,-0.6678023979997704,-1.9759412280909672
1,84,1.0,0.794239370316048,-0.13438631474908008,4.800586508235121,0.004034004812328599,-0.15663664392579904,0.9932953869716517
2,84,1.0,0.29874517296150616,0.061365413659107915,3.1560134812103655,0.01440524307883165,-0.9569227665007846,0.5528924490366017
3,84,1.0,0.3902967688038439,2.109279456375267,3.253926814648717,0.5915677462447366,-0.6678023979997704,0.9857492703503322
1,85,1.0,0.8988009832538871,-2.0449035769760355,0.5148428726103965,0.2408220851634346,-0.15663664392579904,-1.6147304779883154
2,85,1.0,0.2833279584040863,0.6692242525502861,1.1943196097333264,0.6142678827950585,-0.9569227665007846,-2.8310842456454712
3,85,1.0,0.15095998649875675,-1.9029436302847924,0.42032268496287306,0.09278396183041095,-0.6678023979997704,-1.1243013451491757
1,86,1.0,0.9548377920514305,0.45670058950977793,1.1082450004308586,0.5842094684539693,-0.15663664392579904,-0.2428995303929642
2,86,1.0,0.06778473052059142,1.0970523571362965,2.0044359571741888,0.29727662828979806,-0.9569227665007846,0.4688272593793886
3,86,1.0,0.285378486382871,-0.9931848728508962,2.62412724523376,0.0034124206840308474,-0.6678023979997704,-1.311986282331243
1,87,1.0,0.6531822951816288,-0.0659860461301644,3.6219932427321995,0.06004208795583093,-0.15663664392579904,1.2381099173177064
2,87,1.0,0.7414049050012163,-0.19102071346374125,1.8868868670313446,0.650346587435301,-0.9569227665007846,-0.46252569431116625
3,87,1.0,0.7351872192709682,-0.017789471256136745,3.5488685522810597,0.011823601615032082,-0.6678023979997704,0.8166861872419862
1,88,1.0,0.8530345030923167,0.33052902372627163,1.7824859174888457,0.18386841621155234,-0.15663664392579904,-1.070657196717856
2,88,1.0,0.0488102158335576,-1.1262145267225796,1.972386778680936,0.01640136773832642,-0.9569227665007846,0.06700228925540469
3,88,1.0,0.4627318462737583,1.571528650697995,2.108611292062895,0.5911463780177748,-0.6678023979997704,0.2388586093282748
1,89,1.0,0.44869003683515685,-2.44674593325427,3.616241519999215,0.0016188863968190572,-0.15663664392579904,1.229967989548484
2,89,1.0,0.6135980476624383,-1.4687335865534334,0.9100717001269225,0.5509358057559064,-0.9569227665007846,-0.48255542446491684
3,89,1.0,0.023365823377366812,-0.4275942570213761,1.5396536423976728,0.31821301683244707,-0.6678023979997704,-0.6619489763282171
1,90,1.0,0.396401842489703,-0.28856757066838945,1.4047045680004784,0.07609528906928356,-0.15663664392579904,-0.8810068563354084
2,90,1.0,0.3576733040144211,1.6367372083781409,2.0586063520153512,0.5324373180515163,-0.9569227665007846,-0.2266084828631715
3,90,1.0,0.25547804605262925,0.38882744916447537,2.1077647347630917,0.22420258908603796,-0.6678023979997704,0.7555413083595627
1,91,1.0,0.41524670993443136,2.3482380802559386,2.6800867702352837,0.2822857803906676,-0.15663664392579904,0.3827137441836817
2,91,1.0,0.2333238105026384,-0.8793160797323559,0.4712169963602509,0.16070667247942147,-0.9569227665007846,-0.8500535644313821
3,91,1.0,0.39406012800131507,1.104388807918663,0.7909665453086934,0.4824130727160111,-0.6678023979997704,-0.19952750828707236
1,92,1.0,0.06855993408390004,-0.6828617647890451,2.895866403121045,0.16142781387386748,-0.15663664392579904,0.4601881609811287
2,92,1.0,0.22315931162674207,-0.41867796829228254,3.023661769258066,0.0288504316324872,-0.9569227665007846,0.822153945186511
3,92,1.0,0.8354003196726891,-0.7327921699500342,1.9211246739655894,0.43231985749651686,-0.6678023979997704,-0.36458693647399903
1,93,1.0,0.9215533304404552,1.766925060847832,2.211673958241154,0.5318625927815288,-0.15663664392579904,0.5224737078135049
2,93,1.0,0.6257219137233461,0.1262915685034284,1.5274305214861537,0.23220645451548155,-0.9569227665007846,0.34162045726241974
3,93,1.0,0.1961759299176713,0.4807824894327728,1.6540006585384193,0.04335883361044951,-0.6678023979997704,-0.3498581186405727
1,94,1.0,0.6072995707854659,-0.756575954082449,3.5440418314253597,0.02328437369889779,-0.15663664392579904,0.06543434411949546
2,94,1.0,0.03114935271852548,-0.18703884618977135,2.6108019293749303,0.020730299965285446,-0.9569227665007846,1.3137165299627485
3,94,1.0,0.5947434079043723,0.7317229702012026,2.858702402042848,0.5982788870736606,-0.6678023979997704,0.8609445558519725
1,95,1.0,0.1331902062884852,0.4011705449293975,4.072456635860279,0.0058622075464773325,-0.15663664392579904,1.9990727308207688
2,95,1.0,0.5511622596943889,2.50154028712981,2.645843203044627,0.6464043678045931,-0.9569227665007846,-1.4428184714835954
3,95,1.0,0.9279492504871184,0.5238550032960868,3.5332176479859285,0.05689283413147064,-0.6678023979997704,0.7107439328931793
1,96,1.0,0.8872411191677022,-1.0095828609712072,1.4994380089428327,0.058515248404014654,-0.15663664392579904,-1.3004002720833794
2,96,1.0,0.06611587157990961,0.9245165742157598,2.2579574178295143,0.643976145917463,-0.9569227665007846,-0.623439600897149
3,96,1.0,0.4973212782280432,0.26325490431115806,1.4932779615368177,0.1307709286561471,-0.6678023979997704,-0.2809994634195974
1,97,1.0,0.5952935036514745,0.7892055982247436,2.246342414285086,0.6290865145692537,-0.15663664392579904,-0.6030936491342661
2,97,1.0,0.14803471022556025,0.13199374946266543,2.440965808008994,0.04666624978432981,-0.9569227665007846,1.7027437113774675
3,97,1.0,0.0728638184654764,0.6251396282275684,3.852493950224588,0.00402273071924314,-0.6678023979997704,0.250965108540265
1,98,1.0,0.9793759607426743,1.0165916449201184,1.1381330839739232,0.5642006524186346,-0.15663664392579904,-0.517177830416341
2,98,1.0,0.3932346670751,-0.5703140913282342,1.6899489124082407,0.0472075804033105,-0.9569227665007846,0.02431856379858167
3,98,1.0,0.5510148604448937,1.247129235990631,1.5001776591678186,0.3112330699905673,-0.6678023979997704,0.17872969749832202
1,99,1.0,0.7434275986820658,2.190449649502152,4.808457682669973,0.3156496798408922,-0.15663664392579904,2.0435132745654463
2,99,1.0,0.7990576981461487,1.299177752479136,2.6966206378014537,0.3223308241923648,-0.9569227665007846,0.29284457261315755
3,99,1.0,0.13102565622085904,-0.2964064749133029,3.391715148740258,0.014423101951530917,-0.6678023979997704,1.2042756366852057
1,100,1.0,0.9464532262313834,0.222871116207877,2.6190349486928595,0.23157804459660294,-0.15663664392579904,-0.38506773078739925
2,100,1.0,0.5743234852783174,0.14643479538561788,4.223876864037834,0.014677946503329344,-0.9569227665007846,2.5524902834757754
3,100,1.0,0.6776499075995779,-0.37359305029587075,3.3541353127328346,0.354589884942375,-0.6678023979997704,2.171454784919039
